metrics/precision(B),metrics/recall(B),metrics/mAP50(B),metrics/mAP50-95(B),fitness
0.9009616885462709,0.9135271226026173,0.945662660825622,0.6826526039352149,0.6826526039352149
